{"Rank-0 Batch Wise/train_loss": 3.9028708934783936, "Rank-0 Batch Wise/train_max_lr": 0.0030967411486010625, "Rank-0 Batch Wise/train_min_lr": 0.0030967411486010625, "Rank-0 Batch Wise/global_train_step": 12092, "_runtime": 6212, "_timestamp": 1648024917, "_step": 12107, "n_parameters": 27897028, "epoch": 14, "Global Train/train_lr": 0.002900057622126897, "Global Train/train_min_lr": 0.002900057622126897, "Global Train/train_loss": 4.150888901513914, "Global Train/train_weight_decay": 0.0499999999999999, "Global Test/test_loss": 2.9272012347266787, "Global Test/test_acc1": 30.080000756835936, "Global Test/test_acc5": 62.77000166015625}